1979.428364,0.999531464128
1979.448797,0.999568867645
1979.469229,0.999567645746
1979.510093,0.99999081206
1979.530526,1.00007489531
1979.550958,1.0000193375
1979.57139,1.00000241507
1979.591822,0.999763090437
1979.612255,0.999914600041
1979.632687,1.00008371443
1979.653119,1.00014496543
1979.673551,1.00016533708
1979.693983,1.00011100647
1979.714416,0.999813191553
1979.734848,0.999935196848
1979.775712,1.00036115683
1979.796145,1.00011875294
1979.816577,1.0000029445
1979.837009,0.999580416819
1979.857441,0.999644480413
1979.877874,0.999931356065
1979.898306,1.00003751747
1979.918738,0.999636090007
1979.93917,0.999716927297
1979.959602,0.999942869157
1979.980035,1.00016813764
1980.000467,0.999876309133
1980.020899,0.999756624075
1980.041331,0.999988496577
1980.061764,1.00005174069
1980.082196,0.99989273336
1980.102628,0.999830724988
1980.12306,0.999794587428
1980.143492,0.99984421265
1980.163925,1.00023121664
1980.184357,1.00046744606
1980.204789,1.00064598659
1980.225221,1.00049537143
1980.245654,1.00042355059
1980.266086,1.00015596954
1980.286518,1.00012248228
1980.30695,0.999920554483
1980.327382,0.999745143246
1980.347815,0.999918767889
1980.388679,0.999841044335
1980.429544,1.00008630452
1980.449976,1.00007522995
1980.470408,1.00002686228
1980.49084,1.00010601949
1980.531705,1.00027420655
1980.572569,1.00038804278
1980.593001,1.00001263935
1980.613433,1.0000987204
1980.633866,1.00007437658
1980.654298,1.00025440078
1980.67473,1.00009539773
1980.695162,1.00008822529
1980.715595,1.00020812565
1980.736027,1.00015492484
1980.756459,1.00012988631
1980.776891,0.999911740551
1980.797323,0.999998139595
1980.817755,0.999922675439
1980.838188,1.00002768611
1980.85862,1.000363298
1980.879052,1.000111347
1980.919916,1.0001062857
1980.940349,1.00008230364
1980.960781,0.99995437449
1980.981213,1.00035130756
1981.04251,1.00005364301
1981.062942,1.00027712714
1981.083374,1.00035681384
1981.103806,1.00037410412
1981.124239,1.00049458689
1981.185535,0.999990063171
1981.205967,0.999811717907
1981.2264,0.999702384873
1981.246832,0.999722906434
1981.267264,0.999843581883
1981.287696,0.999902952249
1981.308128,0.999688380927
1981.328561,0.999768694893
1981.348993,1.00022034235
1981.389857,1.00029909167
1981.410289,1.00016366789
1981.430721,1.00014415547
1981.471586,1.00025042791
1981.614611,1.00008932925
1981.635043,0.999996136113
1981.655476,1.00015238458
1981.69634,1.00027142017
1981.716772,1.00007004071
1981.737204,1.00001805381
1981.757636,1.00031227709
1981.778069,1.00037773838
1981.798501,1.00009302851
1981.818933,0.999938636261
1981.839365,0.999995939646
1981.859797,1.00035677606
1981.88023,1.00030047273
1981.900662,1.00015768709
1981.921094,0.999767106973
1981.961958,1.00017274433
1981.982391,1.00034106532
1982.002823,1.00039102218
1982.023255,1.00011609122
1982.043687,1.00008378181
1982.064119,1.00025501812
1982.084552,1.00025855237
1982.104984,1.00036514623
1982.125416,1.00023500457
1982.145848,1.00007758905
1982.16628,0.999983372629
1982.186712,1.00002150271
1982.207144,1.00001741657
1982.227577,0.999957594693
1982.248009,0.999643017293
1982.268441,0.999295646785
1982.288873,0.999397675353
1982.309305,0.999611850842
1982.329737,0.99997234123
1982.35017,1.00004107728
1982.370602,1.00007400992
1982.391034,0.99981399298
1982.411466,0.999699446647
1982.431898,0.999617845226
1982.452331,0.999517092833
1982.472763,0.999744269628
1982.493195,0.999822619745
1982.513627,0.99984499577
1982.534059,0.999757997471
1982.554491,1.00001832407
1982.574924,1.00004992793
1982.595356,1.00009343498
1982.615788,1.00032602849
1982.63622,1.00023112748
1982.656652,1.0000552506
1982.677084,0.999537199298
1982.697517,0.999668674269
1982.717949,1.00011063107
1982.738381,1.00001652454
1982.758813,0.999843520126
1982.779245,0.999708257606
1982.799677,0.999919751837
1982.82011,1.00008455782
1982.840542,0.999845912867
1982.860974,0.999315011882
1982.881406,0.999066340685
1982.901838,0.999254905744
1982.92227,0.999499725227
1982.942703,0.999656554862
1982.983567,0.999612717606
1983.003999,0.99975420698
1983.024431,0.999730165473
1983.044863,0.999609706626
1983.065296,0.999749330389
1983.085728,1.00030791913
1983.126592,0.999988824522
1983.147024,0.999929177251
1983.167456,1.00014961234
1983.187888,1.00024421476
1983.208321,0.999955191749
1983.228753,0.999779781089
1983.249185,0.999860695961
1983.269617,0.999786093025
1983.290049,0.999755166982
1983.310481,0.999701534833
1983.330913,0.999517089167
1983.351346,0.999423810961
1983.371778,0.999790647877
1983.39221,0.999841778611
1983.412642,1.00001903178
1983.433074,1.00004904238
1983.473939,0.999856292833
1983.494371,0.999710874473
1983.514803,0.999753238788
1983.535235,0.999810305039
1983.555667,0.999443860754
1983.576099,0.999698650227
1983.596531,0.999911147567
1983.616964,0.999872648069
1983.637396,0.999823557874
1983.657828,0.999843003086
1983.67826,1.00008177684
1983.698692,1.0002241283
1983.719124,1.00030726782
1983.739556,0.99984618219
1983.759989,0.99965370514
1983.780421,0.999804358781
1983.800853,1.0000353171
1983.821285,1.00011627689
1983.841717,0.999780187246
1983.862149,0.999798906591
1983.882582,0.999673441202
1983.903014,0.999699055379
1983.923446,0.999609401069
1983.943878,0.999707595764
1983.96431,0.999627876287
1983.984742,0.999558343149
1984.005174,0.999835528488
1984.025606,0.999772044716
1984.046039,0.99973030498
1984.066471,0.999318841751
1984.086903,0.999162253124
1984.107335,0.999555446711
1984.127767,0.999750947667
1984.148199,0.999660313413
1984.168631,1.00005586237
1984.189064,1.00038405929
1984.209496,1.00037783797
1984.229928,1.00022535903
1984.25036,0.999867690751
1984.270792,0.999927434896
1984.311656,0.999828694149
1984.332088,0.999997553249
1984.352521,1.00007907276
1984.372953,1.00030436393
1984.393385,1.00043912252
1984.413817,1.00106737716
1984.475113,1.0003946908
1984.495545,1.00017964794
1984.515978,1.00002677214
1984.53641,1.00041606798
1984.556842,1.00061472968
1984.577274,1.00068753638
1984.597706,1.00053067637
1984.618138,1.00025079532
1984.63857,1.00028222076
1984.659002,1.00027808026
1984.679435,1.00015565916
1984.699867,1.00024467538
1984.720299,1.00025341644
1984.740731,0.999784613254
1984.761163,0.99943965229
1984.781595,0.999611063295
1984.802027,0.999818466777
1984.82246,1.00007084862
1984.842892,1.00012995251
1984.863324,1.00025413236
1984.883756,1.00048129614
1984.985916,1.00028325516
1985.006349,1.00022747168
1985.026781,1.00015690194
1985.047213,1.00029136541
1985.067645,1.00024028213
1985.088077,0.999865711413
1985.128941,0.999879571295
1985.149373,1.00027039338
1985.169805,1.00013083095
1985.190238,0.999915894962
1985.21067,0.999799719618
1985.231102,0.999694366472
1985.251534,0.999817635773
1985.271966,1.00000772621
1985.292398,0.99999660287
1985.31283,0.999892770987
1985.333262,0.999923548166
1985.353695,1.00017963511
1985.374127,1.00017871576
1985.394559,1.00029670225
1985.455855,0.999999920775
1985.476287,0.999934113454
1985.496719,0.999759980792
1985.517151,0.999794695418
1985.558016,1.00009928963
1985.578448,1.0000143107
1985.59888,1.00011777803
1985.619312,0.999978546292
1985.639744,0.999770322867
1985.660176,0.999673726733
1985.680608,0.999718207826
1985.70104,0.999983968747
1985.721472,0.999839713733
1985.741904,0.999905707441
1985.762337,1.00011196461
1985.782769,1.0001558453
1985.803201,1.00029016288
1985.823633,1.00016638903
1985.844065,1.00015408806
1985.864497,1.00012041904
1985.884929,1.00037126246
1985.946225,1.00010668149
1985.966658,1.00008565898
1985.98709,1.00020159091
1986.007522,1.00026474142
1986.027954,1.00022057327
1986.048386,1.00009933515
1986.068818,1.00034395248
1986.08925,1.0013019887
1986.109682,1.00070532133
1986.130114,1.00072742583
1986.150546,1.0003762712
1986.170979,1.00023673551
1986.191411,1.00063047435
1986.211843,1.00085531106
1986.232275,1.00078910662
1986.252707,1.00081189407
1986.273139,1.00067619787
1986.293571,1.0004861067
1986.314003,1.00037170662
1986.334435,1.00025689958
1986.354867,1.00025050096
1986.375299,1.00016811465
1986.395732,0.999817468197
1986.416164,0.999435790762
1986.436596,0.999246432597
1986.457028,0.998952256936
1986.47746,0.999158245018
1986.497892,0.999091311326
1986.518324,0.999535879982
1986.538756,1.0001027517
1986.559188,1.00061361899
1986.57962,1.00117627119
1986.600052,1.00128016342
1986.620484,1.00154394489
1986.681781,0.997889171931
1986.702213,0.997882778375
1986.722645,0.998101221503
1986.743077,0.998165248467
1986.763509,0.998552017467
1986.783941,0.998113967436
1986.804373,0.997853581962
1986.824805,0.99795853511
1986.865669,0.998227860875
1986.926966,0.998433322886
1986.947398,0.998250046282
1986.96783,0.998124172734
1986.988262,0.997868348343
1987.008694,0.997970778388
1987.029126,0.998342912962
1987.049558,0.998307583551
1987.06999,0.998398527937
1987.090422,0.998304882543
1987.110854,0.998852171364
1987.172151,0.999165106967
1987.192583,0.999523859911
1987.213015,1.00001736053
1987.233447,1.00025331833
1987.253879,1.00046230865
1987.274311,1.00012352845
1987.294743,0.999868644155
1987.315175,1.00003903661
1987.335607,1.00034245395
1987.356039,1.00040331049
1987.376471,1.00001067948
1987.396903,0.999964803855
1987.417335,1.00024154795
1987.437767,1.00013262992
1987.4582,1.00018438253
1987.478632,1.00010803454
1987.499064,1.00015612598
1987.519496,1.00026731097
1987.539928,1.00002266021
1987.56036,0.999881474228
1987.580792,1.0001715217
1987.601224,1.00069279737
1987.66252,1.00022131568
1987.682952,1.00013785015
1987.703384,1.00011775018
1987.744249,0.999758599381
1987.764681,0.999875243345
1987.785113,1.00026475937
1987.805545,1.00059375263
1987.825977,1.00056480078
1987.846409,1.0005867918
1987.907705,1.00023502854
1987.928137,1.00050675964
1987.948569,1.0004425616
1987.969001,1.00035095
1987.989433,1.0002183891
1988.009865,1.00016652432
1988.030297,1.00034474441
1988.050729,1.00053480588
1988.071162,1.00083713417
1988.091593,1.00069344124
1988.112026,1.00057434089
1988.132458,1.00069387191
1988.15289,1.00071432778
1988.173322,1.00077900968
1988.193754,1.00064426799
1988.214186,1.00032136245
1988.234618,1.00026262567
1988.25505,1.00026442722
1988.275482,1.00032558269
1988.295914,1.00037249178
1988.316346,1.00064366671
1988.336778,1.0012553271
1988.398074,1.00012528946
1988.418506,1.00012797219
1988.438938,1.00010132874
1988.459371,1.00004562141
1988.479802,1.00018448824
1988.500235,1.00010850142
1988.520667,1.00030877016
1988.541099,1.00041492902
1988.581963,1.00048807141
1988.643259,1.00060285006
1988.663691,1.00065955453
1988.684123,1.00029705145
1988.704555,0.999933716467
1988.724987,1.00004626228
1988.745419,1.0002688314
1988.765851,1.00049678725
1988.786283,1.0006597497
1988.806715,1.00024477707
1988.827147,0.999866840764
1988.908875,1.0001902968
1988.94974,0.999682884841
1988.970171,0.999777622561
1988.990604,0.999860210512
1989.011036,0.999814682071
1989.0519,0.999622168115
1989.072332,0.999932589718
1989.092764,0.999573301039
1989.113196,0.999738342853
1989.133628,0.999833759775
1989.15406,0.999926839054
1989.174492,1.00022715162
1989.194924,1.00008260835
1989.215356,0.999861991059
1989.235788,1.00000691832
1989.25622,1.00022157276
1989.276652,1.00045195193
1989.297084,1.00003864424
1989.317516,0.999877712266
1989.378812,1.00037076756
1989.399244,1.00001323006
1989.419676,0.999634870981
1989.440108,0.999525145364
1989.46054,0.999903881888
1989.480972,1.0000694406
1989.501404,0.999974729642
1989.521836,0.999845828201
1989.542269,1.00011592498
1989.5627,1.00019779389
1989.583133,1.00034549142
1989.603565,1.00024167251
1989.644429,1.00003209337
1989.664861,1.00006627065
1989.685293,1.00003650951
1989.705725,0.999853119951
1989.726157,0.99979900428
1989.746589,0.999982975172
1989.767021,1.00013732296
1989.787453,1.00011142369
1989.807885,0.999939281985
1989.869181,0.999882445532
1989.889613,0.99994686642
1989.910045,1.00004373163
1989.930477,1.00009817177
1989.950909,0.99998810931
1989.971341,0.999779112154
1989.991773,0.999621073222
1990.012205,0.999996041783
1990.032637,1.00024516193
1990.053069,1.00003528872
1990.073501,1.00002696019
1990.093933,1.00010841177
1990.114365,0.999953163145
1990.134797,1.00003739594
1990.155229,1.00023772233
1990.175661,1.00029931676
1990.196093,0.999863468238
1990.216525,0.999531545076
1990.236957,0.999696665566
1990.257389,0.999992574708
1990.277821,1.00070573514
1990.298253,1.00071879886
1990.359549,0.999877112919
1990.379981,1.00010492607
1990.400413,0.999867902159
1990.441277,0.999948035752
1990.461709,1.00005083409
1990.482141,0.999929784382
1990.502573,0.99987976074
1990.523005,1.00017246055
1990.543437,1.00043866157
1990.604733,0.999757277966
1990.625165,1.00003965183
1990.645598,1.00000019992
1990.666029,0.999916105805
1990.686461,1.00001472856
1990.706894,1.00007973839
1990.727325,0.999978889249
1990.747758,0.999601070971
1990.76819,0.999645204144
1990.788621,1.00005350908
1990.849917,0.999228205607
1990.87035,0.999686072027
1990.890782,1.00005932849
1990.911213,0.999665022715
1990.931646,0.999229890846
1990.952078,0.99899772231
1990.97251,0.999359501134
1990.992942,0.999815998134
1991.013374,0.999988890434
1991.033806,0.999993678049
1991.054238,1.00001538221
1991.07467,0.999968332705
1991.095101,0.999862409295
1991.115534,1.00003414306
1991.135966,1.00014605944
1991.156398,0.999998291954
1991.17683,0.9997763997
1991.197262,0.999741425846
1991.217694,0.999899301358
1991.258557,1.00037711636
1991.27899,1.00005188826
1991.340286,0.99994786908
1991.360717,1.00022255504
1991.381149,1.00041480725
1991.401582,1.00051612028
1991.442445,1.00053197154
1991.462878,1.00037114013
1991.483309,1.00033096197
1991.524173,1.00008035876
1991.565037,1.00057637553
1991.585469,1.00088745556
1991.605901,1.00084295212
1991.626334,1.00028914141
1991.646765,0.999806373574
1991.667197,0.999702164127
1991.687629,0.999912177961
1991.708061,1.00019794359
1991.728493,1.00019776999
1991.769357,1.0000750648
1991.789789,1.0001444426
1991.810221,1.00021323573
1991.830653,1.00015662368
1991.851085,1.00012978045
1991.871517,1.0000951916
1991.891949,1.0002363923
1991.912381,1.00044505093
1991.932813,1.00030943166
1991.953245,1.00010602258
1991.973677,1.00010240442
1991.994109,1.00006634027
1992.014541,1.00016878138
1992.075837,1.00024033628
1992.096269,1.00028191652
1992.116701,1.00019112309
1992.137133,1.000052353
1992.157565,1.0002556474
1992.177997,1.00038554199
1992.198429,1.00048809115
1992.218861,0.999934857613
1992.239293,0.999981373971
1992.259725,1.00014426925
1992.321021,1.00004249039
1992.341453,0.999996901588
1992.361885,1.00021397502
1992.382317,1.00024975143
1992.402749,1.00023917886
1992.423181,1.00029530719
1992.443613,1.00015748084
1992.464045,1.00030193088
1992.484477,1.00047237063
1992.504909,1.00068628397
1992.525341,1.00052636017
1992.545773,1.00016194086
1992.566205,1.0000174142
1992.586637,1.0002038808
1992.607068,1.00033396987
1992.647932,1.00015448158
1992.668364,0.999972932978
1992.688796,0.999774311037
1992.709228,1.00004266174
1992.72966,1.00017858883
1992.750092,1.00015481942
1992.811388,0.999698643432
1992.83182,0.999701364905
1992.852252,0.999831804067
1992.872684,0.999673273827
1992.893116,0.999733896505
1992.913548,0.999818034046
1992.93398,0.999841461046
1992.954412,0.999569870066
1992.974844,0.999435524072
1992.995276,0.999419086036
1993.015708,0.99965673211
1993.03614,0.999674334968
1993.056572,0.999268118324
1993.077004,0.999238176451
1993.097436,0.999402479552
1993.117868,0.999868070802
1993.1383,1.0000570666
1993.158732,0.999737255324
1993.179164,0.999448022334
1993.199596,0.999872961841
1993.220028,1.00025688753
1993.240459,1.00019780991
1993.301755,0.999543914344
1993.322187,0.999852889958
1993.342619,1.00009588465
1993.363051,1.00019813439
1993.383483,1.00006799927
1993.403915,0.99981002429
1993.424347,0.999751097563
1993.444779,0.999817176749
1993.465211,0.999787097726
1993.485643,1.00006178001
1993.546939,1.00005148948
1993.567371,0.999886223119
1993.587803,1.00011742439
1993.608235,1.0004824283
1993.628667,1.00068724643
1993.649099,1.00055193885
1993.669531,1.00021123949
1993.710395,1.00048090614
1993.730827,0.99998027449
1993.751258,0.999762569368
1993.77169,0.999571314881
1993.792122,0.999572768969
1993.812554,0.999704279819
1993.832986,0.999761964973
1993.853418,0.999578817336
1993.87385,0.999672621123
1993.894282,0.999798964915
1993.914714,1.00006646238
1993.935146,1.0001761365
1993.955578,1.00017364698
1993.97601,0.999980584403
1994.057738,1.00037170581
1994.07817,1.00040358292
1994.098602,1.00042400799
1994.119034,1.00014073876
1994.139466,1.00016776147
1994.159898,1.00036909222
1994.180329,1.00015160396
1994.200761,1.00012120828
1994.221193,0.999906463795
1994.282489,1.00036974491
1994.302921,0.999962678654
1994.323353,0.999686447553
1994.343785,0.999736099104
1994.364217,0.999609952262
1994.384649,0.99953739343
1994.405081,0.999640965671
1994.425513,0.99991674478
1994.445945,1.00006812488
1994.466377,0.999873478036
1994.486809,0.999726411887
1994.507241,0.999871449983
1994.527672,1.00017342542
1994.548104,1.00008487254
1994.568536,0.999938319901
1994.588968,0.99983551881
1994.6094,1.00002382156
1994.629832,1.00012666162
1994.650264,0.999987700647
1994.670696,0.999879661642
1994.691128,0.999938801166
1994.71156,1.00005136681
1994.772856,0.999518226708
1994.793288,0.999682214519
1994.81372,0.999972951913
1994.834151,1.00005809925
1994.854584,1.00002117639
1994.875015,0.999700460404
1994.895447,0.999506503639
1994.915879,0.999380281731
1994.936311,0.999836726678
1994.956743,0.99996003337
1995.018039,0.99986059211
1995.038471,0.999718245851
1995.058903,0.999625304356
1995.079335,0.999690816961
1995.099767,0.99980195776
1995.120199,0.999507599385
1995.140631,0.999644876447
1995.161062,0.999711466221
1995.181494,0.999856286755
1995.201926,0.99979380586
1995.263222,1.00000580806
1995.283654,1.00010591318
1995.304086,1.00009912153
1995.324518,1.00005416757
1995.34495,1.00008290995
1995.365382,1.00032103973
1995.385814,1.00025889254
1995.406246,0.9998382762
1995.426678,0.999701034885
1995.44711,0.999884900269
1995.467541,1.00010960621
1995.487973,1.00001979402
1995.508405,1.00003069475
1995.528837,0.999875673683
1995.549269,0.999739795716
1995.569701,0.99968711507
1995.590133,0.999819314156
1995.610565,0.999927290954
1995.630997,1.00003015903
1995.651429,1.0002781776
1995.671861,1.00029584152
1995.692293,1.00013841713
1995.753588,0.999686313911
1995.794452,0.999844004603
1995.814884,0.99990017734
1995.835316,0.999973427611
1995.855748,1.00000239147
1995.87618,0.999823939005
1995.896612,0.999709296966
1995.917044,0.999666574476
1995.937476,0.999582665582
1995.998771,0.999948326827
1996.019203,1.00025683222
1996.039635,1.00040192096
1996.060067,1.00015647981
1996.080499,0.999775712043
1996.100931,0.999761659731
1996.121363,1.00000951073
1996.141795,1.00022228361
1996.162227,1.00016894114
1996.182659,1.00035640933
1996.203091,1.00021733561
1996.223522,1.00020758373
1996.243954,1.00052965308
1996.264386,1.00031671978
1996.284818,1.00014065685
1996.325682,0.999625945343
1996.366546,0.999865591797
1996.386978,0.999855863295
1996.40741,0.999892281029
1996.427842,0.99998570766
1996.489137,0.999749731613
1996.509569,0.999786052876
1996.530001,1.00008280885
1996.550433,1.00018221417
1996.570865,1.00030517105
1996.591297,1.00014278136
1996.611729,0.999975730203
1996.632161,1.00012152589
1996.652593,1.00006680314
1996.673025,1.0001212585
1996.73432,0.999821571087
1996.754752,0.999785545
1996.775184,0.999805172807
1996.795616,1.00005981392
1996.816048,1.00002614746
1996.83648,1.00030836817
1996.856912,1.00033693178
1996.877344,1.00042920739
1996.897775,1.00025187841
1996.918207,0.999948092095
1996.979503,0.999677652256
1996.999935,0.999439166296
1997.020367,0.999350385536
1997.040799,0.999536925034
1997.061231,0.999853349763
1997.102094,0.999957108739
1997.122526,0.999928040662
1997.142958,1.00004322323
1997.16339,1.0000964231
1997.224686,1.0003148417
1997.26555,1.00018887301
1997.285981,1.00016754778
1997.326845,1.00049925603
1997.347277,1.000212486
1997.367709,1.0001249872
1997.388141,1.00038484995
1997.408573,1.00051598443
1997.429005,1.00046135076
1997.449437,1.00050719375
1997.469869,1.0004500119
1997.490301,1.00060388138
1997.510732,1.0007030699
1997.531164,1.00076732486
1997.551596,1.00089268122
1997.572028,1.00091931931
1997.59246,1.00089987491
1997.612892,1.00092939701
1997.633324,1.00078245747
1997.715051,1.00037656106
1997.735483,1.00026750642
1997.776347,0.999836532981
1997.796779,0.999917378942
1997.817211,1.00008677045
1997.837643,1.00012037489
1997.858074,1.0000108924
1997.878506,0.999974195212
1997.898938,1.00015720828
1997.960234,0.999968746787
1997.980666,0.999481149401
1998.001098,0.999324710096
1998.02153,0.999385402261
1998.041962,0.999617394918
1998.062394,0.999692415988
1998.082825,0.999869988104
1998.103257,0.999788003401
1998.123689,0.999646722497
1998.144121,0.999989022739
1998.164553,1.00006081048
1998.184985,0.999947660667
1998.205417,0.999727551295
1998.225849,0.999768895594
1998.24628,0.999858184894
1998.266712,0.99987335301
1998.287144,0.999756391063
1998.307576,0.999533326546
1998.34844,1.00006998339
1998.368872,1.00022190265
1998.389304,1.00012139674
1998.450599,1.0003936015
1998.471031,1.00049760708
1998.491463,1.00003568157
1998.511895,0.999817004724
1998.532327,0.999830849473
1998.552759,0.999818817208
1998.573191,0.999812789729
1998.593622,0.999928791193
1998.614054,0.999729225676
1998.634486,0.999839738869
1998.695782,0.999903249058
1998.716214,0.999686101217
1998.736646,0.999686314947
1998.757077,0.999459150782
1998.777509,0.99964827079
1998.797941,0.999542119181
1998.818373,0.999834419162
1998.838805,0.999892540553
1998.859237,0.999671930698
1998.879669,0.999548352432
1998.900101,0.999684586683
1998.920532,0.999816827316
1998.940964,0.999939894613
1998.961396,1.00014598442
1998.981828,1.00006077735
1999.00226,0.999994373133
1999.022692,1.00002697311
1999.043124,1.0002617432
1999.063556,1.00009737358
1999.083987,1.00002842692
1999.104419,0.999750697365
1999.124851,0.99991727741
1999.186147,1.00004685029
1999.206578,1.00007195095
1999.22701,1.00011493007
1999.247442,1.00043166284
1999.267874,1.00059453372
1999.288306,1.00043232675
1999.308738,1.00031037118
1999.32917,1.00041027195
1999.349602,1.00055304945
1999.370034,1.00060206984
1999.390465,1.00030424091
1999.410897,1.00005138895
1999.431329,0.999750761938
1999.451761,0.999826347973
1999.472193,1.00001802206
1999.492625,0.999742734357
1999.513057,0.999646970595
1999.533489,0.99962838726
1999.55392,0.99978379775
1999.574352,0.999846157211
1999.615216,1.00039672258
1999.676512,1.00011227111
1999.696943,0.999813367648
1999.717375,0.99977805542
1999.737807,0.999934749323
1999.758239,0.999915460294
1999.778671,0.999911543264
1999.799103,1.00003128931
1999.819535,1.00000018725
1999.839966,1.00016375287
1999.921694,0.999697753463
1999.942126,0.999847079461
1999.962558,1.00004972684
1999.982989,1.00021489412
2000.003421,0.999973906462
2000.023853,1.00005482359
2000.044285,1.00014944592
2000.064717,0.999824842213
2000.085149,0.999569091747
2000.105581,0.999509384969
2000.126012,0.999885669639
2000.146444,0.999838918102
2000.166876,1.00002915162
2000.187308,1.00019756619
2000.20774,1.00015114991
2000.289467,1.00034760677
2000.309899,1.00035318241
2000.330331,0.999961915461
2000.350763,1.0002278194
2000.412058,0.999964794582
2000.43249,1.00001697739
2000.452922,1.00005378151
2000.473354,1.00005714575
2000.493786,1.00044799432
2000.514218,1.00044168039
2000.534649,1.00014103588
2000.555081,1.00021719066
2000.575513,1.00031223596
2000.636809,0.999752077105
2000.657241,0.999592219788
2000.677673,0.99977318524
2000.698104,1.00006792689
2000.718536,1.00037833096
2000.738968,1.0003733211
2000.7594,1.00024984454
2000.779832,1.00011192951
2000.800264,1.00018119982
2000.820695,0.999957151847
2000.841127,1.0003754026
2000.861559,1.00021356849
2000.881991,0.999956065032
2000.902423,0.999829083022
2000.922855,1.00002679952
2000.963718,0.999911458061
2000.98415,0.9998216094
2001.004582,0.999690160337
2001.025014,0.999531003939
2001.045446,0.999888168182
2001.065878,1.00006187842
2001.086309,1.00004936864
2001.147605,0.99940471392
2001.168037,0.999523739328
2001.188469,0.999573658551
2001.208901,0.999562057629
2001.229332,0.999970828386
2001.249764,1.00052696999
2001.270196,1.00021148161
2001.290628,1.00012526055
2001.31106,1.00027607404
2001.331492,1.00054998516
2001.351923,1.00065621029
2001.372355,1.0003610106
2001.392787,0.999983715672
2001.413219,1.00004580037
2001.433651,0.999932102425
2001.454083,0.999859146833
2001.474514,1.00000024329
2001.494946,0.999897850813
2001.515378,0.99980919676
2001.53581,0.999827191677
2001.556242,1.00013383124
2001.576674,1.00000208407
2001.637969,0.999970169299
2001.658401,0.999802609134
2001.678833,0.999923723802
2001.699265,1.00009648563
2001.719696,1.00033766654
2001.740128,1.00031485008
2001.76056,0.999887592798
2001.780992,0.999838810022
2001.801424,0.999818270684
2001.821856,0.999921650424
2001.842287,0.99986789164
2001.862719,0.999800993483
2001.883151,0.999769671645
2001.903583,0.999774693728
2001.924015,0.999996088342
2001.944447,1.00035231021
2001.964878,1.00019928777
2001.98531,1.00006914836
2002.005742,0.999905103718
2002.026174,0.999972377532
2002.046606,1.00025134878
2002.067038,1.00038826461
2002.169197,0.999897249689
2002.189629,0.999765277561
2002.21006,0.999751205463
2002.230492,1.00036078523
2002.250924,1.00061120322
2002.271356,1.00025677179
2002.291788,0.99985083435
2002.332651,1.00008311635
2002.353083,1.00002950575
2002.373515,0.999968607248
2002.414379,1.00006925837
2002.434811,1.00017256365
2002.455242,1.00008613175
2002.475674,1.00004698252
2002.496106,0.999951733172
2002.516538,1.00016703812
2002.53697,1.00022763765
2002.557401,1.0001051031
2002.639129,0.99995607899
2002.659561,0.999389443459
2002.679992,0.999220325069
2002.700424,0.999455559
2002.720856,0.999773657936
2002.741288,0.999701260912
2002.76172,0.999806194549
2002.782151,0.999949164039
2002.802583,0.999939247382
2002.843447,0.99957268524
2002.863879,0.99981091463
2002.884311,0.999979083052
2002.904742,1.000020515
2002.925174,1.00018578614
2002.945606,1.00027609672
2002.966038,1.00011125418
2002.98647,1.00012737166
2003.006902,1.00013653617
2003.027333,0.999990514835
2003.047765,0.999730717111
2003.109061,1.0001934379
2003.129492,1.00026559766
2003.149924,1.00029519319
2003.170356,0.999980675342
2003.190788,1.00004209945
2003.21122,1.00002553436
2003.231652,0.999708758658
2003.252083,0.999577824321
2003.272515,0.999708286278
2003.292947,0.999859111998
2003.313379,1.0001732815
2003.333811,1.00038685183
2003.354242,1.00020294782
2003.374674,1.00033084615
2003.395106,1.000314255
2003.415538,1.00027736089
2003.43597,1.00015501182
2003.456402,1.00010050035
2003.476833,1.00032159713
2003.497265,1.00023331501
2003.517697,0.999794776806
2003.538129,1.00007525288
2003.599424,1.00012825612
2003.619856,1.00000862074
2003.640288,1.00016411359
2003.66072,1.00022870128
2003.681151,1.00036546069
2003.701583,1.00046173981
2003.722015,1.00079361066
2003.742447,1.00116112133
2003.762879,1.00103798782
2003.78331,1.00078997372
2003.803742,1.00017705498
2003.824174,1.00031384461
2003.844606,1.00010355948
2003.865038,0.999901179875
2003.885469,0.999782335169
2003.905901,0.99997277962
2003.926333,1.00047613503
2003.946765,1.00055434793
2003.967197,1.00062317507
2003.987629,1.00070219927
2004.00806,1.00060589454
2004.028492,1.00023624555
2004.089788,1.00018977756
2004.110219,0.999928856297
2004.130651,1.00033072813
2004.151083,1.0007966785
2004.171515,1.00085751996
2004.191947,1.00062073346
2004.212378,1.00016676887
2004.23281,0.999875150301
2004.253242,0.999719059436
2004.273674,0.999778414085
2004.294106,0.99980885814
2004.314537,0.999758069706
2004.334969,0.999727421456
2004.355401,0.999587460113
2004.375833,0.999853556889
2004.396265,0.999768392571
2004.416696,0.999635807766
2004.45756,1.0000046288
2004.477992,0.999994309217
2004.498424,1.00007051397
2004.518855,1.00008381355
2004.580151,0.99993898962
2004.600583,1.00004547387
2004.621014,1.00008170568
2004.641446,1.00011288394
2004.661878,0.999815136302
2004.68231,0.999778351912
2004.702742,0.99973365862
2004.723173,0.999738405068
2004.743605,0.999406950034
2004.764037,0.999457493307
2004.825332,1.00003268235
2004.845764,1.00009790987
2004.866196,0.99992385641
2004.886628,0.999824368434
2004.90706,0.999689585629
2004.927491,0.999967314361
2004.947923,1.00031788896
2004.968355,1.0001511246
2005.009219,0.999643305844
2005.02965,0.999451652849
2005.050082,0.999687212083
2005.070514,1.00018651325
2005.090946,1.00035739805
2005.111378,1.00011899547
2005.131809,0.99989076231
2005.152241,0.999890710329
2005.172673,0.999877165061
2005.193105,0.99974044532
2005.213537,0.999758081136
2005.233968,0.999818865358
2005.2544,0.999765642939
2005.295264,1.00030545143
2005.315695,1.00043744033
2005.336127,1.00042133475
2005.356559,1.0002008245
2005.376991,1.00002924897
2005.397423,1.00011805636
2005.417855,1.00001438153
2005.438286,1.00020873378
2005.458718,1.00031924913
2005.47915,1.00017097456
2005.499582,1.00021844874
2005.520013,1.00007665015
2005.540445,0.999995942205
2005.560877,1.00018938383
2005.581309,1.00008643137
2005.601741,0.999723540644
2005.622172,0.999616007683
2005.642604,0.999644685015
2005.663036,0.999861042571
2005.683468,1.00010498849
2005.703899,0.999842064966
2005.724331,0.999799555185
2005.744763,1.00003255681
2005.82649,0.999670358863
2005.846922,0.9996642266
2005.867354,0.999885848698
2005.887786,0.999698569468
2005.908217,1.0001335372
2005.928649,1.00002052085
2005.949081,1.00006943488
2005.969513,1.00012718499
2005.989944,1.00005110749
2006.010376,0.999940561655
2006.030808,0.999866822655
2006.05124,0.999963326121
2006.071672,1.00034641299
2006.092103,1.00022519298
2006.112535,1.00002606679
2006.132967,0.999740575807
2006.153399,0.999731636483
2006.173831,1.00015039731
2006.194262,1.00024714803
2006.214694,1.00029459099
2006.235126,1.00022162685
2006.255558,0.999962442324
2006.275989,1.00010369492
2006.296421,1.00009142092
2006.316853,1.00012447725
2006.337285,1.00014671499
2006.357717,1.00025277898
2006.378148,1.00041559124
2006.39858,1.00049558437
2006.419012,1.00036974547
2006.459875,1.00015166891
2006.480307,1.00017449551
2006.541603,1.00042056156
2006.582466,1.00018461204
2006.602898,1.00024863286
2006.62333,1.00043668147
2006.643762,1.00048444925
2006.664193,1.0004007158
2006.684625,1.00021519201
2006.705057,1.00041002108
2006.725489,1.00047041226
2006.74592,1.00005854901
2006.766352,0.999898835556
2006.786784,1.00027976307
2006.807216,1.00021080808
2006.827647,1.00012495365
2006.848079,1.00007503834
2006.868511,0.99981936499
2006.888943,0.999683427034
2006.909374,0.999783275725
2006.929806,1.00037018565
2006.950238,1.0008368545
2006.97067,1.00043926937
2007.031965,1.00009415525
2007.052397,1.00007097717
2007.072829,1.00010679939
2007.09326,1.00010809533
2007.113692,0.999882282559
2007.134124,0.999961348451
2007.154556,1.0000224614
2007.174988,0.999929595105
2007.195419,0.99977962515
2007.236283,0.99969656348
2007.256715,0.999817506554
2007.277146,0.999841958007
2007.297578,0.999485046007
2007.31801,0.999327351559
2007.338442,0.999467716334
2007.358873,0.999515734773
2007.379305,0.999731627993
2007.399737,0.999973299056
2007.420169,0.999672112085
2007.440601,0.999614498537
2007.461032,0.999617485156
2007.522328,0.999993009327
2007.542759,1.00017217989
2007.563191,1.00025324583
2007.583623,1.00012656545
2007.604055,1.00039390552
2007.644918,1.0006111386
2007.66535,1.00044419927
2007.685782,1.00038990736
2007.706214,1.00011852314
2007.726645,0.999928652815
2007.747077,0.999809923341
2007.767509,0.999582969961
2007.787941,0.999625379468
2007.808372,0.999807252532
2007.828804,0.999799740512
2007.849236,0.999832927654
2007.869668,0.99992391979
2007.890099,1.00001706351
2007.910531,1.00009717472
2007.930963,1.0000953983
2007.951395,1.0003422214
2007.971826,1.0003138664
2007.992258,1.00024954769
2008.01269,1.00019960724
2008.033122,0.999873697005
2008.053554,0.999714274317
2008.073985,0.999702592156
2008.114849,1.00011907884
2008.135281,0.999887278776
2008.155712,0.999507737185
2008.176144,0.999861873917
2008.196576,1.00021442617
2008.257871,0.999745298127
2008.278303,1.00002543867
2008.298735,1.00030954505
2008.319166,1.00039244028
2008.339598,1.00050523736
2008.36003,1.00014327688
2008.380462,1.00007753851
2008.400893,1.00007562508
2008.421325,1.00021465429
2008.441757,1.00042377527
2008.523484,0.999619948971
2008.564348,0.999726617512
2008.584779,0.999412514278
2008.605211,0.999437849673
2008.625643,0.999699959222
2008.646074,0.999633520276
2008.666506,0.999425888378
2008.686938,0.999278565001
2008.70737,0.999400395037
2008.727802,0.999622315076
2008.748233,0.999941827212
2008.768665,0.999723802783
2008.789097,0.999298056237
2008.809529,0.999334600895
2008.82996,0.999621973861
2008.850392,0.999829241398
2008.870824,0.999278283437
2008.891256,0.998815726076
2008.911687,0.998905111315
2008.932119,0.999475461217
2008.952551,0.999872706764
2008.972983,0.999720768954
2008.993414,1.00008371522
2009.013846,1.00023619883
2009.034278,0.999908977285
2009.05471,1.00011744482
2009.075141,1.00003623753
2009.095573,0.99972007027
2009.116005,0.999432879566
2009.136437,0.999451648828
2009.156868,0.999523900624
2009.1773,0.99951015157
2009.238595,0.999304475939
2009.259027,0.999417641206
2009.279459,0.999424501826
2009.299891,0.999271855998
2009.320322,0.999144848041
2009.340754,0.999256240323
2009.361186,0.999468302847
2009.381618,0.999457922702
2009.402049,0.999364028886
2009.422481,0.999315139507
2009.442913,0.999452494328
2009.463345,0.999510373105
2009.483776,0.999599352333
2009.504208,0.999785563464
2009.52464,0.999508423998
2009.545072,0.999490179901
2009.565503,0.999507201833
2009.585935,0.999726320381
2009.606367,0.99983998975
2009.626799,1.0000368559
2009.64723,0.999977218121
2009.667662,0.999975800648
2009.688094,1.0001656582
2009.708526,1.00021344658
2009.728957,0.999985279289
2009.749389,0.999902074896
2009.769821,1.00014449337
2009.790253,1.00039260598
2009.810684,1.00032304792
2009.831116,1.00029859567
2009.851548,0.99997168917
2009.87198,0.999851431233
2009.892411,0.999859016068
2009.912843,0.999821762597
2009.974138,0.999970057966
2009.99457,0.999923924141
2010.015002,0.999898405607
2010.035433,0.999757877675
2010.055865,0.999852074558
2010.076297,0.99998128333
2010.096729,0.99993906052
2010.117161,0.99971077283
2010.137592,0.999803475408
2010.158024,0.999873819743
2010.178456,0.999834613888
2010.198887,0.999994697733
2010.219319,1.0001394821
2010.239751,1.00029005491
2010.260183,1.00024509644
2010.280614,1.00024119169
2010.301046,1.00014091512
2010.321478,1.00004478568
2010.362341,1.00020948436
2010.382773,1.00020873992
2010.403205,1.00010829993
2010.4645,0.999466154825
2010.484932,0.999537028658
2010.505364,0.999723906401
2010.525795,0.999693863333
2010.546227,0.99995797193
2010.566659,0.999965203905
2010.587091,1.00013149105
2010.607522,1.00008580524
2010.627954,1.00006088942
2010.648386,0.999981188421
2010.668817,0.999821458617
2010.689249,0.999889026922
2010.709681,1.00006983435
2010.730113,1.00010290688
2010.750544,1.00033968588
2010.770976,1.00020781529
2010.791408,1.00009031815
2010.81184,0.999857386537
2010.832271,1.00003831735
2010.852703,1.00021046965
2010.873135,1.00039524339
2010.893566,1.00017072353
2010.913998,1.0000659868
2010.93443,0.999943811095
2010.954862,1.00000617517
2010.975293,1.00000324812
2010.995725,1.00005548064
2011.016157,0.99973980065
2011.036589,0.999511449786
2011.05702,0.999611584858
2011.097884,0.999620906141
2011.118316,0.99961334216
2011.138747,0.999753318127
2011.179611,0.999832995247
2011.200043,0.999979672457
2011.220474,0.999915790993
2011.240906,1.00002780928
2011.261338,1.0000019932
2011.28177,1.00007856502
2011.302201,1.00003274143
2011.322633,1.00008978911
2011.343065,0.999892050267
2011.363496,0.999720695002
2011.383928,0.999792289663
2011.445223,1.00013166866
2011.465655,0.999916396964
2011.486087,1.00003584209
2011.52695,1.0000782969
2011.547382,1.00008370802
2011.567814,1.00017588635
2011.588245,1.0003095806
2011.608677,1.00036697375
2011.629109,1.00040427009
2011.649541,1.0004651787
2011.669972,1.00003274404
2011.690404,0.999954211022
2011.710836,0.999929227256
2011.731268,0.999884241447
2011.751699,0.999841836481
2011.772131,0.999779680658
2011.792563,0.999856425141
2011.812994,0.999984921208
2011.833426,1.00027185317
2011.853858,1.00028499269
2011.87429,0.999902019256
2011.894721,0.999962145036
2011.915153,0.999750180218
2011.935585,0.999860779816
2011.956017,1.00007807214
2011.976448,1.00010426228
2011.99688,1.00009557128
2012.017312,1.00005701361
2012.037743,1.00004774651
2012.058175,0.999999780309
2012.078607,1.0000070167
2012.099039,0.999837267041
2012.11947,0.999961385397
2012.139902,0.999832933541
2012.160334,0.999928735055
2012.180766,1.00004363681
2012.201197,1.00003145244
2012.221629,1.00014973187
2012.242061,1.00010063709
2012.262492,0.999925603478
2012.282924,0.999823778844
2012.303356,0.999949711012
2012.323788,1.00005123219
2012.344219,1.00001789819
2012.364651,0.999818148377
2012.425946,0.999531481488
2012.446378,0.999549289618
2012.46681,0.999516902291
2012.487241,0.999679590474
2012.507673,0.999587187752
2012.528105,0.999782625781
2012.548537,1.0001074775
2012.568968,0.999979821158
2012.5894,1.00005631516
2012.630264,0.999723829589
2012.650695,0.999760593757
2012.671127,0.999625938087
2012.691559,0.999866853474
2012.71199,1.00004325088
2012.732422,1.00022780694
2012.752854,0.999951372685
2012.773286,0.999777708531
2012.793717,0.999767282772
2012.814149,0.999924510796
2012.855012,0.999473582711
2012.916308,0.999881872536
2012.936739,0.999629433766
2012.957171,0.999743837162
2012.977603,0.999774563186
2012.998034,0.999797748591
2013.018466,0.999583325307
2013.038898,0.999443161472
2013.05933,0.999661711476
2013.079761,0.999849988294
2013.100193,0.999949019437
2013.120625,0.999859156501
2013.141056,0.999846949966
2013.18192,0.999688970686
2013.202352,1.00000291469
2013.222783,1.00012303331
2013.243215,0.999996096984
2013.263647,0.999825189626
2013.284078,1.00021855324
2013.30451,1.00052500517
2013.324942,1.00024770769
2013.345374,1.00015682247
2013.365805,1.0003216275
2013.386237,1.00045457736
2013.406669,1.00049504177
2013.4271,1.00037236564
2013.447532,1.00051643929
2013.467964,1.00026154702
2013.488396,1.00027813899
2013.508827,1.00030612062
2013.529259,1.00032607329
2013.549691,1.00046117703
2013.570122,1.00030483371
2013.590554,1.00026298333
2013.610986,1.0002434879
2013.631418,1.0002273434
2013.651849,1.00021664439
2013.672281,1.00025367236
2013.692713,1.00009357243
2013.713144,1.00003541061
2013.733576,1.000040234
2013.754008,1.00018816703
2013.77444,1.00005996455
2013.794871,0.999796616398
2013.815303,0.999878335757
2013.835735,0.999739271661
2013.89703,1.00056107212
2013.917462,1.00055319875
2013.937893,1.00060369957
2013.958325,1.0002613393
2013.978757,0.999958142294
2013.999188,1.00023749149
2014.01962,1.00047672069
2014.040052,1.000289436
2014.060484,1.00000018098
2014.080915,1.00019325424
2014.101347,1.00047625362
2014.121779,1.00056816385
2014.14221,1.00043122572
2014.162642,1.00035691596
2014.183074,1.00045996873
2014.203506,1.00072720659
2014.223937,1.00079381834
2014.244369,1.00031455031
2014.264801,1.00003561211
2014.285232,0.999825660874
2014.305664,0.999916990447
2014.326096,1.00029664072
2014.346528,1.00055647324
2014.366959,1.00041352511
2014.387391,1.00049884884
2014.407823,1.00049552168
2014.428254,1.0005345268
2014.448686,1.00041055695
2014.469118,1.00030986712
2014.489549,1.00031120942
2014.509981,1.00041095644
2014.530413,1.00049752743
2014.550845,1.0004143429
2014.571276,1.00040620181
2014.591708,1.00037597617
2014.61214,1.00049303496
2014.632571,1.00078372225
2014.653003,1.00078460869
2014.673435,1.00040202633
2014.693867,1.00042285911
2014.714298,1.00022755243
2014.73473,1.00011730531
2014.755162,1.00015407657
2014.775593,1.00015093648
2014.796025,0.999926825478
2014.816457,0.99990509556
2014.877752,1.00095965734
2014.898184,1.00054999453
2014.918615,1.00034187873
2014.939047,1.00032942785
2014.959479,1.00034450523
2014.97991,1.00002418088
2017.860779,0.999627898077
2017.881211,0.999379565729
2017.901643,0.9990786378
2017.922074,0.999106373562
2017.942506,0.999495547503
2017.962938,0.999749648663
2017.98337,0.999947206576
2018.003801,0.999807823525
2018.024233,0.999552566237
2018.044665,0.999685439904
2018.065096,1.00009409337
2018.085528,1.00056066489
2018.10596,1.00052304866
2018.126391,1.00048432368
2018.146823,1.00040453073
2018.167255,1.00044821701
2018.187686,1.00039738434
2018.208118,1.00046263071
2018.22855,1.00040434866
2018.248981,1.00017043836
2018.269413,1.0001572785
2018.289845,1.0001347418
2018.310277,1.00013223351
2018.330708,1.00053154899
2018.35114,1.00075034941
2018.371572,1.00054603002
2018.392003,1.00031531742
2018.412435,1.00041312804
2018.432867,1.00067937889
2018.453298,1.00022258868
2018.47373,0.999789823147
2018.494162,0.99988483254
2018.514593,0.999891978797
2018.535025,1.00018425711
2018.555457,1.00019919304
2018.575888,1.00031914355
2018.59632,1.00044097336
2018.616752,1.00039822459
2018.637184,1.00029798846
2018.657615,1.00050987145
2018.678047,1.00034004151
2018.698479,1.00034901923
2018.71891,1.00052238989
2018.739342,1.00054538972
2018.800637,0.999998324622
2018.821069,1.00005344846
2018.8415,1.00013488053
2018.861932,1.00004888582
2018.882364,1.00018240179
2018.902795,1.00054169361
2018.923227,1.00033464331
2018.943659,1.00008889289
2018.96409,1.00022942657
2018.984522,1.00034465726
2019.004954,1.00029610655
2019.025386,1.00015833474
2019.045817,1.00009387677
2019.066249,1.00017191722
2019.086681,1.00026788582
2019.107112,1.00016330348
2019.127544,1.00015987959
2019.147976,1.00028077614
2019.168407,1.00001066719
2019.188839,1.00035898234
2019.209271,1.00040204958
2019.250134,1.00041997353
2019.270566,1.00016206349
2019.290997,1.00006878777
2019.311429,1.00025681058
2019.331861,1.00036410978
2019.352292,1.00022585047
2019.372724,1.00001220044
2019.393156,1.00004896229
2019.413587,0.999972932849
2019.434019,1.00018799525
2019.454451,1.00036407057
2019.474882,1.00046591605
2019.495314,1.00033978292
2019.515746,1.00035800163
2019.536177,1.00041943657
2019.556609,1.00037190245
2019.577041,1.00042684872
2019.597473,1.00017080938
2019.617904,1.00027395596
2019.638336,1.00044814908
2019.658768,1.00050953137
2019.679199,1.00045291053
2019.699631,1.00014242553
2019.720063,1.00020505577
2019.801789,0.999978205493
2019.822221,0.99991224926
2019.842653,1.00000685162
2019.863084,1.00028462625
2019.903948,1.00030540822
2019.924379,1.0001542537
2019.965243,0.999826565304
2019.985674,0.999939179346
2020.006106,1.0001413568
2020.026538,0.999995432611
2020.046969,0.999839146236
2020.067401,0.999851112216
2020.087833,1.00000480501
2020.108264,0.99971744737
2020.128696,0.999544502317
2020.149128,0.99976405963
2020.169559,1.00004244514
2020.189991,1.00034417701
2020.210423,1.00026270041
2020.251286,1.0003020278
2020.271718,1.00040235997
2020.29215,1.00027223064
2020.333013,1.00058025363
2020.353445,1.00038613963
2020.373876,1.00024155227
2020.394308,1.00021660065
2020.41474,0.999755763726
2020.435171,0.999792084654
2020.455603,0.999880323053
2020.476035,1.00003676631
2020.496466,1.0002701339
2020.516898,0.999924740942
2020.557761,0.999929802522
2020.578193,0.999990810575
2020.598625,1.00008843317
2020.619056,1.00009863227
2020.639488,0.999887577865
2020.65992,0.999702522097
2020.680351,0.99972052013
2020.700783,1.00005698921
2020.721215,0.999982008401
2020.741646,0.999900611763
2020.762078,0.999913461464
2020.78251,0.999634444348
2020.802941,0.999556210855
2020.823373,0.999962405966
2020.843805,1.00002247728
2020.864236,0.999901232792
2020.884668,0.99973863843
2020.9051,0.999749013857
2020.925531,0.999867908126
2020.945963,0.999582887159
2020.966395,0.999556007894
2020.986826,0.999716391768
2021.007258,0.999948248607
2021.02769,1.0000182059
2021.068553,0.999849009194
2021.088985,0.999947478578
2021.109416,1.00001438301
2021.129848,1.00000210234
2021.15028,0.999841898243
2021.170712,0.999840564296
2021.191143,0.999887554553
2021.211575,0.999973936359
2021.232007,1.00028340994
2021.252438,1.0003030619
2021.27287,1.00036259795
2021.293302,1.00034311698
2021.313733,1.00026340519
2021.334165,1.00020030513
2021.354597,1.00011730574
2021.375028,1.00000353386
2021.39546,1.00001905215
2021.415892,1.00028421089
2021.436323,1.00055990486
2021.456755,1.00027621687
2021.477187,1.00002171269
2021.497618,1.00002867475
2021.51805,1.00022479556
2021.538482,1.00032894961
2021.558913,1.00022862452
2021.579345,1.00031357574
2021.599777,1.0002016977
2021.620208,1.00057628708
2021.64064,1.00091400354
2021.661072,1.00081290097
2021.681503,1.00047018798
2021.722367,1.00042722052
2021.742798,1.00054101027
2021.76323,1.00037386739
2021.783662,1.00028984718
2021.804093,1.00012028172
2021.824525,0.999903278874
2021.844957,0.999944992189
2021.865388,0.999982811971
2021.88582,1.00014419021
2021.906252,1.00030373448
2021.926683,1.00046360023
2021.947115,1.00039265145
2021.967547,1.00077049523
2021.987978,1.00067335136
2022.00841,1.00046399637
2022.028842,1.00053095172
2022.049273,1.00044510741
2022.069705,1.0005875527
2022.090137,1.00061491237
2022.110568,1.00066437617
2022.131,1.00049720072
2022.151432,1.00027007346
2022.171863,1.00007524955
2022.192295,1.00034534645
2022.212727,1.00038488594
2022.233158,1.00032942611
2022.25359,1.00002035888
2022.274022,1.00024112195
2022.294453,1.00048108305
2022.314885,1.00055296784
2022.335317,1.0004185727
2022.355749,1.00015101593
2022.37618,1.00003275997
2022.396612,1.00014648168
2022.417044,1.00031497089
2022.478339,1.00052804141
2022.49877,1.00051759234
2022.519202,1.00063525239
2022.539634,1.00070513735
2022.560065,1.00053613115
2022.580497,1.00073546359
2022.600929,1.00048586144
2022.62136,1.0001871573
2022.641792,1.00041903318
2022.662223,0.999737636097
2022.682655,0.999992330708
2022.703087,0.999849398626
2022.723518,1.00009956278
2022.74395,1.00044978194
2022.764382,1.00049872153
2022.805245,1.00024731156
2022.825677,1.00026355115
2022.846108,1.00027738186
2022.86654,1.00039306791
2022.886972,1.00038482686
2022.907403,1.00066666731
2022.927835,1.00061402022
2022.948267,1.00050764923
2022.968698,1.0002114882
2022.98913,1.00006637941
2023.009562,0.999955747341
2023.029993,1.00012565298
2023.050425,1.00021356622
2023.070857,1.00046346474
2023.11172,1.00000301653
2023.132152,0.999529790326
2023.152584,0.999390546085
2023.193447,0.999058279775
2023.213879,0.999128035529
2023.23431,0.998796704964
2023.254742,0.99883657322
2023.275174,0.998829922857
2023.295605,0.998789425775
2023.316037,0.99864305637
2023.336469,0.998376320964
2023.3569,0.998456237688
2023.377332,0.99844306165
2023.397763,0.998498160007
2023.438627,0.9985681495
2023.459058,0.998415092471
2023.47949,0.998306770708
2023.499922,0.998353488679
2023.520354,0.998337660505
2023.540785,0.998347347104
2023.561217,0.998180340659
2023.581648,0.998095324609
2023.60208,0.997935377532
2023.622512,0.998066205949
2023.642943,0.998280281578
2023.72467,0.997987470946
2023.745102,0.998177493639
2023.765533,0.998437047439
2023.785965,0.998695377698
2023.806397,0.998676540629
2023.826829,0.998799742098
2023.84726,0.999240730971
2023.867692,0.999451312059
2023.888123,0.999607919239
2023.908555,0.999693185151
2023.928987,0.999657987898
2023.949418,0.999996159463
2023.96985,1.00006317645
2023.990282,1.00008133277
2024.010713,1.00012355935
2024.031145,0.999926991907
2024.051577,1.00007752502
2024.072008,1.0000688621
2024.09244,1.00026452499
2024.112872,1.00019335366
2024.133303,1.000330241
2024.174167,1.00023742352
2024.194598,0.999981507932
2024.21503,0.999825190125
2024.235462,0.999716018698
2024.255893,1.0000276856
2024.276325,1.00020449744
2024.296757,1.00028148954
2024.317188,1.000294697
2024.33762,1.00018650642
2024.358052,1.00039478434
2024.378483,1.00044569357
2024.419347,1.00053539203
2024.439778,1.00032279102
2024.46021,1.00013571474
2024.480642,1.00030919912
2024.501073,1.0001271125
2024.521505,1.00017920468
2024.541937,1.00021657448
2024.562368,1.00018616963
2024.5828,1.00012591984
2024.603232,1.00000385545
2024.623663,1.00003238236
2024.664527,1.00071427798
2024.684958,1.00098766919
2024.725822,1.00038860543
2024.746253,1.00068873918
2024.787117,1.00012797768
2024.807548,0.999983545915
2024.82798,0.999929852769
2024.848412,1.00004910012
2024.868843,1.00039969204
2024.909707,1.00045984127
2024.930138,1.00016422129
2024.95057,1.00017814757
2024.971002,1.00032843776
2024.991433,1.00034756992
2025.011865,1.00020437923
2025.032297,0.99997570234
2025.052728,0.999819530714
2025.07316,1.00015936029
2025.093592,1.00037545517
2025.114023,1.00034064594
2025.154887,0.999936403714
2025.175318,1.00028942033
2025.19575,1.00043138813
2025.216182,1.000176267
2025.236613,0.999840014223
2025.257045,0.999989601107
2025.277477,1.00025062111
2025.297908,1.000483857
2025.31834,1.0001856245
2025.338772,1.00002490988
2025.359203,0.999985516461
2025.400067,1.00049304773
2025.420498,1.00093896686
2025.44093,1.00099134231
2025.461362,1.00057841182
2025.481793,1.00037932876
2025.502225,1.00052972785
2025.522657,1.0007909097
2025.543088,1.00058113448
2025.56352,1.00039310294
2025.583952,1.00029745484
2025.604383,1.0003132056
2025.68611,1.00027256735
2025.706541,0.999774765239
2025.726973,0.999808354502
2025.747405,0.999984744395
2025.767836,1.00051265006
2025.788268,1.0005146577
2025.8087,1.00009771824
2025.849563,1.00026717928
2025.890426,1.00035388327
2025.910858,1.00022051972
2025.93129,0.999921997911
2025.951721,0.999845310226
2025.972153,0.999678894637
2025.992585,0.999692620661
2026.013016,0.999646399354
2026.05388,0.999533740344
2026.074311,0.999522797354
2026.094743,0.999585935783
2026.156038,1.00020706138
2026.17647,1.00009535102
2026.196901,1.00010528621
2026.217333,1.00021178622
2026.237765,1.00026046098
2026.258196,1.00003556113
2026.278628,1.0000350267
2026.29906,1.00012393728
2026.319491,0.999932760707
2026.339923,0.999640789356
2026.401218,1.00025871113
2026.42165,1.00025390595
2026.442081,1.00018785848
2026.462513,1.00021141404
2026.482945,1.00034839945
2026.503376,1.00048662277
2026.523808,1.00028716132
2026.54424,0.999973956171
2026.564671,0.99981285
2026.585103,1.00000682102
2026.605535,0.999974691341
2026.625966,0.999932994402
2026.646398,1.00009668129
2026.66683,1.0003260098
2026.707693,1.00025424205
2026.728124,1.00021891925
2026.748556,1.00008385088
2026.768988,1.00023620479
2026.789419,1.00011496817
2026.809851,1.00007676045
2026.830283,1.00002516235
2026.871146,0.999811712883
2026.891578,0.999961781556
2026.912009,0.999762206659
2026.932441,0.999527710344
2026.952873,0.999425414998
2026.973304,0.999707401939
2026.993736,0.999988595344
2027.014168,1.00018232305
2027.0346,0.999878806802
2027.055031,0.99992586241
2027.075463,1.00005398882
2027.116326,1.00000329287
2027.136758,0.999720534187
2027.157189,0.999508383676
2027.198053,0.99985649172
2027.218484,0.99962216971
2027.238916,0.999451399617
2027.259348,0.999643763007
2027.279779,0.999680232637
2027.300211,0.999652940527
2027.320643,0.999861026951
2027.381938,0.999658731673
2027.402369,0.999733540985
2027.422801,1.00024258035
2027.443233,0.999791553663
2027.463664,0.99951747998
2027.484096,0.99948798718
2027.504528,0.999930292
2027.524959,1.00006391353
2027.545391,0.999681120122
2027.565823,0.9990025734
2027.627118,1.00024369091
2027.667981,1.00010448861
2027.688412,1.00015556016
2027.708844,1.00003671887
2027.729276,1.00011915052
2027.749707,1.00031596683
2027.770139,1.0004734899
2027.811003,1.000378376
2027.872298,1.00079353104
2027.892729,1.00046368027
2027.913161,1.00028814275
2027.933593,0.999886243842
2027.954024,0.999784091235
2027.974456,0.999963936444
2027.994887,1.00010706988
2028.015319,1.00013237429
2028.035751,1.00030004996
2028.076614,1.00035988797
2028.097046,0.999993842078
2028.178772,1.00025077536
2028.199204,1.00003959842
2028.219636,1.00012903955
2028.240067,1.00022530259
2028.260499,0.999981281796
2028.280931,0.999894439204
2028.301362,0.99994922465
2028.342226,1.00020912883
2028.362657,1.00016778402
2028.383089,1.00012911543
2028.403521,1.00015142831
2028.423952,0.999990186369
2028.444384,0.999803261204
2028.464816,1.0000465244
2028.485247,1.00019691263
2028.505679,1.00036143438
2028.526111,1.00015362282
2028.546542,0.999816543539
2028.607837,1.00055677072
2028.628269,1.00019877318
2028.648701,1.00013139967
2028.669132,0.999932699735
2028.689564,1.00002568222
2028.709996,1.00016342973
2028.750859,0.999481728449
2028.771291,0.999170906299
2028.791722,0.999279388371
2028.853017,0.999943797512
2028.873449,0.999913457842
2028.893881,1.0000777284
2028.914312,1.00019534118
2028.934744,1.00022910382
2028.955175,1.00031860805
2028.975607,1.00054765001
2028.996039,1.00064626334
2029.01647,1.00041444641
2029.036902,1.0004382892
2029.057334,1.00024025993
2029.077765,1.00012308051
2029.098197,1.00051770401
2029.118629,1.00049957932
2029.13906,1.00046245102
2029.159492,1.0003468518
2029.179924,1.0004714614
2029.200355,1.00056109687
2029.220787,1.0007145896
2029.241219,1.00040356727
2029.26165,1.00022981195
2029.282082,1.00007529959
2029.363809,1.00008994517
2029.38424,1.00010242448
2029.404672,1.00039059857
2029.425104,1.00039848558
2029.445535,1.00017300678
2029.465967,0.999908492434
2029.486399,0.99994570207
2029.50683,0.999995838473
2029.527262,0.99982021591
2029.588557,0.999638790532
2029.608989,0.999701925197
2029.62942,0.999714917287
2029.649852,0.999663431075
2029.670284,0.999593354514
2029.690715,0.999202727795
2029.711147,0.999056929572
2029.731579,0.999322908196
2029.75201,0.999679740089
2029.772442,0.999859139849
2029.833737,1.00001488404
2029.854168,1.00033045076
2029.8746,1.00025685376
2029.895032,1.00004030515
2029.915463,0.999997485197
2029.935895,1.00004551931
2029.956327,1.00005694527
2029.976758,1.00011828073
2029.99719,0.999941544971
2030.017622,0.999790119236
2030.058485,0.9995435895
2030.078917,0.99924463488
2030.099349,0.999361097841
2030.11978,0.999311761965
2030.140212,0.999417688865
2030.160644,0.998853941813
2030.181075,0.999116883236
2030.201507,0.999534182853
2030.221938,0.999768211844
2030.24237,0.999623338839
2030.262802,0.999513493528
2030.283233,0.999635592165
2030.303665,0.999877469933
2030.324097,0.999994975284
2030.344528,1.00001885652
2030.36496,1.00006480514
2030.405823,0.999734884096
2030.426255,0.999891502019
2030.446687,0.999961604673
2030.467118,0.99991420549
2030.48755,0.999539446745
2030.507982,0.999568586476
2030.548845,0.999758170409
2030.569277,0.999773178524
2030.589708,0.999608257952
2030.61014,0.99963511019
2030.630572,0.999818080411
2030.651003,0.999875869161
2030.671435,0.999925142377
2030.691867,1.0000544211
2030.712298,0.999859898844
2030.73273,0.999520339267
2030.753162,0.999956210752
2030.794025,1.0001622728
2030.814457,1.00015997293
2030.834888,0.999978171257
2030.85532,0.999837140644
2030.875752,0.999699211591
2030.896183,0.999579371606
2030.916615,0.999626678014
2030.937047,0.999710337476
2030.957478,0.999910052696
2030.97791,0.999755473644
2030.998342,0.999443731375
2031.059637,0.999906602454
2031.080068,0.999809935657
2031.1005,0.999701266205
2031.120932,1.00007048008
2031.141363,1.00007866273
2031.161795,0.999838779693
2031.182227,0.999913207717
2031.202658,1.00015496067
2031.22309,1.00020377318
2031.243521,1.00018604823
2031.284385,1.00008536192
2031.304816,0.999930994476
2031.325248,0.999819628568
2031.34568,0.999980004498
2031.366111,1.00002958085
2031.386543,0.999886594761
2031.406975,0.99997053706
2031.427406,0.999877166215
2031.447838,1.00000206776
2031.46827,0.99987706376
2031.488701,0.999733140995
2031.549996,1.00026825397
2031.570428,1.0004239534
2031.59086,1.00050059196
2031.611291,1.00020836852
2031.631723,1.0000375228
2031.652155,0.999895278262
2031.672586,0.999959303194
2031.693018,0.99997382157
2031.71345,1.00001975705
2031.733881,1.00003947792
2031.795176,1.00016739359
2031.815608,1.00012836244
2031.83604,1.00014672044
2031.876903,1.00022398242
2031.897335,1.00024631988
2031.917766,1.00022106094
2031.938198,1.00011669978
2031.95863,1.00039751954
2031.979061,1.00067680958
2032.019925,1.00009227113
2032.040356,0.999913637259
2032.060788,1.00028595101
2032.08122,1.00054923576
2032.101651,1.00049164252
2032.122083,1.0001198366
2032.142515,0.999759349161
2032.162946,0.999604059346
2032.183378,0.99970038512
2032.20381,1.0000976497
2032.224241,1.00021772624
2032.285536,0.999841023071
2032.305968,1.00002464848
2032.3264,1.00014827062
2032.346831,1.00009578863
2032.367263,0.999782052384
2032.387695,0.999919790417
2032.408126,1.00023336603
2032.428558,1.00025467467
2032.44899,1.00027017195
2032.469421,1.00006513282
2032.489853,0.999791989369
2032.510285,0.999853036112
2032.530716,0.999973538024
2032.551148,1.00002143683
2032.57158,0.999866358175
2032.592011,0.999651376277
2032.612443,0.999691020806
2032.632875,0.999598990612
2032.653306,0.999830752427
2032.673738,1.00006917253
2032.69417,1.00001329784
2032.714601,1.00001821444
2032.755465,0.999973987966
2032.775896,0.999953247854
2032.796328,0.999851957816
2032.81676,0.999798870288
2032.837191,0.999595647413
2032.857623,0.999544248015
2032.878055,0.99945801285
2032.898486,0.999820743257
2032.918918,0.999658721444
2032.93935,0.999629936507
2032.959781,0.999567208182
2033.000645,0.999543845794
2033.021076,0.999849605891
2033.041508,0.999684906124
2033.06194,0.999732987485
2033.082371,0.999628103282
2033.102803,0.999360691107
2033.123235,0.999405621422
2033.143666,0.99949819224
2033.164098,1.00000036878
2033.18453,1.00034976125
2033.204961,1.00005493365
2033.245825,1.00033465201
2033.266256,1.00053433531
2033.286688,1.00028311898
2033.307119,1.00003368837
2033.327551,0.999905682075
2033.347983,1.00024407017
2033.368414,1.0000436766
2033.388846,0.999701223692
2033.409278,0.99949944491
2033.42971,0.999350401201
2033.450141,0.999410715303
2033.511436,0.999419840279
2033.531868,0.999374935143
2033.5523,0.999539812879
2033.572731,0.999393526425
2033.593163,0.999507420007
2033.613595,0.99939071059
2033.634026,0.999541511774
2033.654458,1.00013501317
2033.674889,1.00031483478
2033.695321,1.00026800261
2033.736184,0.999907225667
2033.756616,0.999738775857
2033.777048,0.999850993337
2033.797479,0.999708886088
2033.817911,0.999628208376
2033.838343,0.999455421556
2033.858774,0.999621292333
2033.879206,1.00000680729
2033.899638,1.00028257025
2033.92007,1.00044956388
2033.940501,0.999932717842
2033.981365,0.999664635193
2034.001796,0.999968209778
2034.04266,0.999608066376
2034.063091,0.999616981161
2034.083523,0.999621621239
2034.103955,0.999760397922
2034.124386,0.999910777985
2034.144818,0.9999283573
2034.16525,0.999991542954
2034.185681,0.999940270461
2034.246976,1.00003027452
2034.267408,1.00003985849
2034.28784,1.00006141319
2034.308271,1.00017419898
2034.328703,1.0001817881
2034.349135,1.00020846737
2034.369566,1.00018371691
2034.389998,1.0001616036
2034.41043,0.999929498441
2034.430861,0.999808899393
2034.471725,1.00015728078
2034.492156,1.00023939014
2034.512588,1.00015969216
2034.53302,1.00005857983
2034.553451,0.999831413281
2034.573883,1.00009012064
2034.594315,0.999883611129
2034.614746,1.00006586358
2034.635178,1.00022837264
2034.65561,1.00038373786
2034.676041,1.00023147228
2034.737336,0.999749894939
2034.757768,1.0000877956
2034.7782,1.00031387501
2034.798631,1.00043891253
2034.819063,1.00033675353
2034.839495,1.00031260288
2034.859926,1.00007793045
2034.880358,1.0000767214
2034.90079,1.0002261837
2034.921221,1.00032484063
2034.982516,1.00016092957
2035.002948,1.00007315734
2035.02338,1.00004154383
2035.043811,0.999917411307
2035.084675,1.0000696447
2035.105106,1.00018193862
2035.125538,1.00024130172
2035.14597,1.00013425024
2035.166401,1.00027498644
2035.207265,1.00011375947
2035.227696,1.00036835291
2035.248128,1.00047443782
2035.288991,1.00017196094
2035.309423,1.00022413526
2035.329855,1.00029357667
2035.350286,1.00005767828
2035.370718,1.00022496637
2035.39115,1.00057529675
2035.411581,1.00022321989
2035.472876,1.00030936989
2035.493308,1.0000607439
2035.51374,0.999926156816
2035.534172,0.999898713995
2035.554603,1.00003355338
2035.575035,1.00016456609
2035.595467,1.0000855336
2035.615898,0.999960199636
2035.63633,1.00016973518
2035.656762,1.00035083157
2035.718057,0.999935608593
2035.738488,1.00006958732
2035.75892,1.00042558621
2035.799783,1.00036565057
2035.820215,1.00050861833
2035.840647,1.00015843878
2035.861078,1.00020280545
2035.88151,1.00015247383
2035.901942,0.999873158907
2035.963237,1.00034793396
2035.983668,1.00050396
2036.0041,1.00059921652
2036.024532,1.00052817081
2036.044963,1.00024005482
2036.065395,1.00006570312
2036.085827,0.999943319621
2036.106258,1.00042422002
2036.12669,1.00048502623
2036.147122,1.00030660824
2036.187985,0.999903534519
2036.208417,1.00024263671
2036.228848,1.00061197825
2036.24928,1.00038212735
2036.269712,0.999919944534
2036.290143,0.999581126563
2036.310575,0.999713063573
2036.331007,0.999875731049
2036.351438,0.999816317618
2036.37187,0.999696906359
2036.392302,0.999618904
2036.453597,0.999775145917
2036.474028,0.999705958937
2036.49446,0.999692445718
2036.535324,0.999935612199
2036.555755,1.00004422915
2036.576187,0.999950097432
2036.596619,1.00011971389
2036.61705,1.00029277619
2036.637482,1.00015382841
2036.698777,1.00001507563
2036.719209,0.999972399816
2036.73964,0.999657851451
2036.760072,0.999809997704
2036.780504,0.999890906665
2036.800935,0.999998906675
2036.821367,1.00001989542
2036.841799,1.0001323542
2036.86223,1.0001252915
2036.882662,1.00025176082
2036.943957,0.99971049635
2036.964389,0.999838819316
2036.98482,0.999963023927
2037.005252,0.99979878782
2037.025684,0.999510593151
2037.046115,0.999428489612
2037.066547,0.999583469558
2037.086979,0.999879453309
2037.107411,0.999746417335
2037.127842,0.99975571383
2037.209569,0.999710827598
2037.230001,0.99979846342
2037.250432,0.999853376119
2037.270864,0.999877788371
2037.291296,0.999708465988
2037.311727,0.99982413607
2037.332159,1.00004982567
2037.352591,1.00008117103
2037.373022,1.00008926482
2037.434317,1.00022747227
2037.454749,1.00045303746
2037.475181,1.00047268077
2037.495612,1.00051245743
2037.516044,0.999792596221
2037.536476,0.999597349697
2037.556907,0.999718573755
2037.577339,0.999770192721
2037.597771,0.999910323284
2037.618202,0.999827098376
2037.679498,0.999628809025
2037.699929,0.999658487536
2037.720361,0.999945343386
2037.740793,1.00007525645
2037.761224,0.999531323401
2037.781656,0.999990853148
2037.802088,1.00002744247
2037.822519,0.999886160528
2037.842951,0.999962825187
2037.863383,0.999752335512
2037.904246,0.999707935527
2037.924678,0.999762200328
2037.945109,0.99971368659
2037.965541,0.999933434255
2037.985973,0.999796499046
2038.006404,0.999621746328
2038.047268,0.999633798104
2038.067699,0.999844100417
2038.088131,0.999917327765
2038.108563,1.00000414316
2038.169858,0.999972327007
2038.19029,0.999892391056
2038.210721,0.999862038891
2038.231153,1.00000971021
2038.251585,1.00000058036
2038.272016,1.00009085808
2038.292448,0.999944953534
2038.31288,1.00017599998
2038.333311,1.000417198
2038.353743,1.00047249117
2038.374175,1.00031433451
2038.394606,1.00011217325
2038.415038,1.0000928657
2038.43547,1.00037826197
2038.455902,1.00040109523
2038.476333,1.0003858315
2038.496765,1.00029471879
2038.517197,1.00036446471
2038.537628,1.00013063928
2038.55806,1.00016504783
2038.598923,1.0002189512
2038.660218,1.00070902532
2038.68065,1.00052067538
2038.701082,1.00017832249
2038.721513,1.00024670544
2038.741945,1.00007855608
2038.762377,1.00004417662
2038.782808,0.999969825362
2038.80324,0.999807315524
2038.823672,0.999759826993
2038.844104,0.999926877698
2038.884967,1.0002244368
2038.905399,0.99997439508
2038.92583,0.999791589396
2038.946262,0.999999345816
2038.966694,0.999926517309
2038.987125,0.999941564657
2039.007557,0.999776515005
2039.027989,0.999594750266
2039.04842,0.999669716621
2039.068852,0.999862514611
2039.089284,1.00017825585
2039.130147,1.0000648622
2039.150579,1.00003671247
2039.17101,1.00035834352
2039.191442,1.00038599094
2039.211874,0.999986521621
2039.232306,0.999958362384
2039.252737,1.0001252182
2039.273169,1.00041577055
2039.293601,0.999970661698
2039.314032,1.00001340437
2039.334464,1.00008901827
2039.416191,0.9995418707
2039.436622,0.999586726444
2039.457054,0.999891529976
2039.497918,0.999746293493
2039.518349,0.999397909473
2039.538781,0.999531289734
2039.559213,0.999946314908
2039.579644,1.00020094015
2039.600076,1.00040876345
2039.620508,1.00019551414
2039.640939,1.00023098497
2039.661371,1.00014150868
2039.681803,1.00032026485
2039.702234,1.00051540044
2039.722666,1.00016279233
2039.743098,1.00033581234
2039.76353,1.00028232484
2039.783961,1.00049789975
2039.804393,1.00047980496
2039.824825,1.00038280942
2039.88612,0.999929340827
2039.906551,0.99983704687
2039.926983,1.0001613435
2039.947415,1.00017060128
2039.967847,1.00012987673
2039.988278,1.00033652661
2040.00871,1.00022713595
2040.029142,1.00007662067
2040.049573,0.999730488986
2040.070005,0.999638000317
2040.110868,0.999731019788
2040.151732,1.0001440211
2040.172164,1.00011335578
2040.192595,1.00019997748
2040.213027,1.00036307635
2040.233459,1.00057107417
2040.274322,0.999972643192
2040.294754,0.999733680587
2040.315185,0.999988167745
2040.37648,0.999926286889
2040.396912,0.999964799433
2040.417344,0.999794832168
2040.437775,0.999986783803
2040.458207,0.999991112918
2040.478639,1.00033473327
2040.49907,1.00024517015
2040.519502,0.999927163928
2040.539934,0.999784092394
2040.560366,1.00004871251
2040.621661,0.999692195024
2040.642092,0.999610825861
2040.662524,0.99979844238
2040.682956,0.999918059918
2040.703387,0.999690207899
2040.723819,0.999482570319
2040.744251,0.999379954638
2040.764683,0.999579509998
2040.785114,0.99973281392
2040.846409,1.00003844304
2040.866841,0.99987244378
2040.887273,0.999758417051
2040.907704,0.999658367104
2040.928136,0.999888984944
2040.969,1.00038000552
2040.989431,1.00036934812
2041.009863,1.00053054363
2041.030295,1.00045307535
2041.050726,1.00034440225
2041.09159,1.00006495793
2041.112022,1.00025110707
2041.132453,1.00027150536
2041.152885,1.00016340261
2041.173317,1.00013093679
2041.21418,1.00021436651
2041.234612,1.00000148156
2041.255043,1.00003619863
2041.275475,1.00007781273
2041.295907,1.00020844139
2041.377634,1.00022887399
2041.398065,1.00012395621
2041.418497,1.00016966404
2041.438929,1.00012575451
2041.45936,0.999996437046
2041.479792,1.00006392535
2041.520656,1.00032385149
2041.541087,1.00020088847
2041.561519,0.999760100227
2041.581951,0.999591679319
2041.602382,0.999664861082
2041.622814,0.999867991203
2041.643246,0.99996922458
2041.663678,0.999962741213
2041.684109,0.9998220257
2041.704541,0.999754429662
2041.745404,1.00005890372
2041.765836,1.00021562934
2041.786268,0.999988744415
2041.827131,1.00006949055
2041.847563,1.00003662336
2041.867994,0.999925653686
2041.888426,0.999884915401
2041.908858,0.999974369
2041.929289,0.999899737111
2041.949721,0.999462243947
2041.990585,0.999745549164
2042.011016,0.999824644804
2042.031448,0.999557147473
2042.092743,0.99958246
2042.113175,0.9998110083
2042.133607,1.000134362
2042.154038,1.00030731384
2042.17447,1.00027916132
2042.194902,1.00047878237
2042.215333,0.999922978087
2042.235765,0.999955844092
2042.256197,0.999980282415
2042.276629,1.0000640165
2042.337924,0.999462958159
2042.358355,0.999729924169
2042.378787,0.999999367541
2042.399219,1.0001436933
2042.419651,1.00026575446
2042.440082,0.999991496831
2042.460514,0.999848352816
2042.480946,0.999902686271
2042.501377,0.999812817783
2042.521809,0.999536599667
2042.542241,0.999412731845
2042.562673,0.99941984229
2042.583104,0.999721791797
2042.603536,0.999953474517
2042.623968,0.999737400536
2042.644399,0.99966904644
2042.664831,0.99966766558
2042.685263,1.00000387439
2042.705694,1.00029072546
2042.726126,1.00008837582
2042.746558,1.00006645144
2042.76699,1.00022873509
2042.828285,1.00025113444
2042.848717,0.99966483305
2042.869148,0.999603310729
2042.910012,1.000043734
2042.930443,0.999769243277
2042.950875,0.999670405367
2042.971307,0.99952139033
2042.991738,0.999443116546
2043.01217,0.999710152939
2043.073465,0.999524786871
2043.093897,0.99971929338
2043.114329,0.999800859738
2043.13476,1.00018281667
2043.155192,1.00030275831
2043.175624,1.00003774191
2043.196056,1.00003999892
2043.236919,1.00011863095
2043.257351,1.00002376821
2043.318646,1.00009750904
2043.339078,1.00005752978
2043.359509,1.00018464412
2043.379941,1.00008391025
2043.400373,0.999985213356
2043.420804,0.999963382756
2043.441236,0.999757882517
2043.461668,0.999919140895
2043.4821,1.00008247186
2043.502531,0.999832479493
2043.543395,0.99941450538
2043.563826,0.999669806644
2043.584258,1.00005097252
2043.60469,0.999915031171
2043.625122,0.999859500376
2043.645553,0.999632062383
2043.665985,0.99974498611
2043.686417,0.99965884286
2043.706848,0.99978696964
2043.72728,0.999666786855
2043.747712,0.999657461635
2043.788575,0.999503683311
2043.809007,0.999438540125
2043.829439,0.999428127506
2043.84987,0.999480108684
2043.870302,0.999527472532
2043.890734,0.999613307169
2043.911166,0.999394271591
2043.931597,0.999469381978
2043.952029,0.999661363941
2043.972461,0.999813637843
2043.992893,0.999742351235
2044.033756,1.00011499174
2044.054188,0.999738224505
2044.074619,0.999351019497
2044.095051,0.999552126868
2044.115483,0.999845648767
2044.135915,0.999852838718
2044.156346,1.00006814795
2044.176778,0.999923463385
2044.19721,1.00009601847
2044.217642,1.00016759434
2044.238073,1.0004073701
2044.3198,1.00006874352
2044.340232,1.0002745911
2044.360663,1.00011901796
2044.381095,1.00023175112
2044.401527,1.00007931921
2044.421959,1.00038538524
2044.44239,1.00034010622
2044.462822,1.00041186929
2044.483254,1.000410633
2044.544549,1.00039124261
2044.585413,1.00022488549
2044.605844,1.00012186436
2044.626276,0.999928247017
2044.646708,0.999848681876
2044.667139,0.999923887119
2044.687571,0.999942059168
2044.708003,1.0001606758
2044.728435,1.0000427917
2044.748866,0.999598579968
2044.769298,0.999544574007
2044.78973,0.999496914305
2044.810162,0.999606157515
2044.830593,0.999830004858
2044.871457,0.999719361178
2044.891888,0.999719454571
2044.91232,0.999721042169
2044.932752,0.999595242566
2044.953184,0.999701317375
2044.973615,0.999932750787
2045.034911,0.999418072752
2045.055342,0.999271569108
2045.075774,0.999737806915
2045.096206,0.999989509172
2045.116637,0.999915164353
2045.157501,0.999720284843
2045.177932,0.999559260412
2045.198364,0.999592667368
2045.218796,0.999655482265
2045.280091,0.99998662752
2045.300523,0.999256558333
2045.320955,0.999523494719
2045.341386,0.999722165392
2045.361818,0.999779383172
2045.38225,0.99967805112
2045.402682,0.999543723066
2045.423113,0.999287484576
2045.443545,0.999329271756
2045.463977,0.999483033267
2045.525272,0.999621208174
2045.545704,0.999796211664
2045.566135,0.999790228007
2045.586567,0.999901237654
2045.606999,0.999742567958
2045.627431,0.999757815939
2045.647862,0.999841467679
2045.668294,0.999880398272
2045.688726,0.999809092184
2045.709158,0.999710900419
2045.729589,0.999715651429
2045.750021,0.999996656066
2045.770453,0.999675147689
2045.790884,0.999348612678
2045.811316,0.999450735779
2045.831748,1.00000633815
2045.85218,1.00008922582
2045.872611,1.00007124088
2045.893043,0.999823462135
2045.913475,0.999752702718
2045.933907,1.00007041849
2045.954338,1.00017513394
2046.015634,1.00000787955
2046.036065,1.00006914125
2046.056497,0.999594047777
2046.097361,0.999688393051
2046.117792,0.999775884002
2046.138224,0.99996444162
2046.158656,0.999862586218
2046.179087,0.999645561797
2046.199519,0.99977089336
2046.260814,1.00000029742
2046.281246,0.99958272737
2046.301678,0.999671888859
2046.32211,1.00007850669
2046.342541,1.00038877966
2046.362973,1.00063550723
2046.383405,1.000647062
2046.403837,1.00056389868
2046.424268,1.00040566684
2046.4447,1.00027683099
2046.485564,1.00032470522
2046.505995,1.00028429864
2046.526427,1.00021286379
2046.546859,1.00021047412
2046.567291,1.00032631232
2046.587722,1.00019301395
2046.608154,0.999968781529
2046.628586,0.999617212574
2046.649018,0.999426887123
2046.669449,0.999447046368
2046.689881,0.999721122025
2046.730744,0.999260822843
2046.751176,0.999374824475
2046.771608,0.9997329775
2046.79204,1.00013990825
2046.812472,0.999902166966
2046.832903,0.99965760223
2046.853335,0.999614960382
2046.873767,0.999785485206
2046.894198,0.999970792324
2046.91463,0.999965020093
2046.935062,0.99983767175
2046.996357,1.00034910625
2047.016789,0.999815698382
2047.037221,0.999602252547
2047.057652,0.999808880338
2047.078084,1.00005929576
2047.098516,0.999838391784
2047.118948,0.999342425314
2047.139379,0.999271490856
2047.159811,0.999224755613
2047.180243,0.999278870632
2047.241538,0.999526228415
2047.26197,0.999741996927
2047.282402,0.99987494829
2047.302833,0.999862664763
2047.323265,1.0000560406
2047.343697,0.999908185227
2047.364129,1.00002816777
2047.38456,1.00023988876
2047.404992,0.999952878427
2047.425424,0.999833800276
2047.486719,1.0006188226
2047.507151,1.00035817837
2047.527583,1.00009650852
2047.548014,0.999721157687
2047.568446,0.999661986197
2047.588878,1.00006772031
2047.60931,1.00013711956
2047.629741,1.00005455046
2047.650173,0.999873415532
2047.670605,0.999779016672
2047.691037,0.999924507692
2047.711468,1.00002421889
2047.7319,0.999738580502
2047.752332,0.999365769881
2047.772764,0.999689566347
2047.793195,0.999797574765
2047.813627,1.00003490757
2047.834059,1.00043878055
2047.854491,1.00038809438
2047.874922,1.0001707614
2047.895354,0.999946102143
2047.997513,1.00040582206
2048.017945,1.00044155269
2048.038376,1.00059620676
2048.058808,1.00076907027
2048.07924,1.000815873
2048.099672,1.00069670276
2048.120104,1.00025455979
2048.140535,1.00030530057
2048.160967,1.00019790474
2048.181399,1.00015299612
2048.20183,0.999938841746
2048.222262,0.999641507896
2048.242694,0.999582922568
2048.263126,0.999719435572
2048.283558,0.999692964732
2048.303989,0.999748021413
2048.324421,0.999891848558
2048.344853,0.999804865693
2048.365285,1.00008883591
2048.385716,0.999979241051
2048.406148,1.00008465029
2048.467443,0.99967266392
2048.487875,0.999442927553
2048.508307,0.999673956012
2048.528739,0.999806721138
2048.54917,0.999720929556
2048.569602,0.999767325134
2048.590034,0.999737261799
2048.610466,0.999757037578
2048.630897,0.99972389217
2048.651329,0.99966208035
2048.733056,0.999870655461
2048.753488,0.999799253571
2048.77392,0.999605661728
2048.794351,0.99946548109
2048.814783,0.999638942697
2048.835215,0.999735613662
2048.855647,0.999900697773
2048.876078,0.999637476548
2048.89651,0.999634788048
2048.916942,0.999678773113
2048.937374,0.99978795855
2048.957806,0.999688495905
2048.978237,0.999837776543
2048.998669,0.999887213704
2049.019101,0.999949966402
2049.039533,1.00010531247
2049.059964,1.00013952505
2049.080396,1.00001080757
2049.100828,0.999900602792
2049.12126,0.999659648693
2049.141691,1.00009978812
2049.202987,1.00053267831
2049.24385,1.00025862174
2049.264282,1.00005563438
2049.284714,1.0000070618
2049.305146,0.99993441394
2049.325577,0.999807751851
2049.366441,1.00016544444
2049.407304,0.999960065061
2049.427736,1.00010145572
2049.448168,1.00027058954
2049.4686,1.00004295356
2049.489032,0.999620162557
2049.509463,0.999651851592
2049.529895,0.999709812348
2049.550327,0.999646444761
2049.570759,0.999695802657
2049.59119,0.999747886652
2049.611622,0.999750782607
2049.632054,1.00000656745
2049.672917,1.00016629386
2049.693349,0.999983915617
2049.713781,1.00001450883
2049.734213,1.00017400037
2049.754644,0.999797865224
2049.775076,1.00001438378
2049.795508,1.00045925298
2049.81594,1.00076726184
2049.836372,1.00064743183
2049.856803,1.00042355662
2049.918099,1.00023927344
2049.938531,1.00014994191
2049.958962,1.00012762127
2049.979394,1.00004429973
2049.999826,1.00041264544
2050.020258,1.00062227581
2050.040689,1.00061086024
2050.061121,1.0002899219
2050.081553,1.00039968334
2050.101985,1.00044891358
2050.122416,1.00044937487
2050.16328,0.999896997493
2050.183712,0.999778234582
2050.204144,0.999574516995
2050.224575,0.999394294557
2050.245007,0.99939506396
2050.265439,0.999789956259
2050.285871,0.999876272289
2050.306302,0.999916017214
2050.326734,0.999953296677
2050.347166,0.99990522296
2050.408461,0.999819136756
2050.428893,1.00013632969
2050.449325,0.999700577134
2050.469757,0.999834477925
2050.490188,1.00019427921
2050.51062,1.00017954866
2050.531052,0.999922558876
2050.551484,0.999538502194
2050.571916,0.999478225955
2050.592347,0.999717077645
2050.612779,0.999536980862
2050.653643,0.99942399596
2050.674074,0.99989644484
2050.694506,1.0002634347
2050.714938,1.00015526701
2050.73537,1.0002233247
2050.755802,1.00033298919
2050.776233,1.0004266864
2050.796665,1.00061039752
2050.817097,1.00058918524
2050.837529,1.00058441583
2050.857961,1.00050232129
2050.919256,1.00266756711
2050.939688,1.0015211042
2050.960119,1.00004625402
2050.980551,0.999635711659
2051.000983,0.999931454103
2051.021415,1.00053103338
2051.062278,1.0001129681
2051.08271,0.999913297831
2051.103142,1.00040865809
2051.144005,1.00058482288
2051.184869,0.999975025128
2051.205301,0.999963739641
2051.225733,1.00010119066
2051.246164,1.00030797973
2051.266596,1.00021487659
2051.287028,1.00013987898
2051.30746,1.00038339181
2051.327892,1.00047530216
2051.348323,1.0003002277
2051.368755,1.00010893861
2051.389187,1.00035543306
2051.409619,1.00070457602
2051.430051,1.0006558686
2051.450482,1.00065995952
2051.470914,1.00067913085
2051.491346,1.00078625659
2051.511778,1.00079235383
2051.532209,1.00057882216
2051.593505,1.00065336028
2051.634368,0.999851775369
2051.6548,1.00017112198
2051.675232,1.00030277271
2051.695664,1.00013196654
2051.716096,0.999992509872
2051.736527,1.00011523348
2051.756959,1.00024574075
2051.777391,1.00015289492
2051.797823,1.00038570759
2051.818255,1.00028690218
2051.838686,1.00008367756
2051.87955,1.00011355524
2051.899982,1.00023663935
2051.920414,1.00056134852
2051.940845,1.00058190972
2051.961277,1.00016054592
2051.981709,1.00003754103
2052.002141,1.0001562204
2052.022572,1.00036777525
2052.043004,1.00045639529
2052.063436,1.00033621405
2052.083868,1.00005852002
2052.124732,1.00023394222
2052.145163,1.00028639177
2052.165595,1.00055087955
2052.186027,1.00031222018
2052.206459,1.00017440502
2052.226891,1.00034995377
2052.247322,1.00047973758
2052.267754,1.00053892928
2052.288186,1.00040501984
2052.308618,1.00039953155
2052.32905,1.00023008146
2052.369913,0.999822400408
2052.390345,1.00026426961
2052.410777,1.0005945511
2052.431209,1.00053421875
2052.45164,1.0005721621
2052.472072,1.00019989751
2052.492504,1.0000203091
2052.512936,1.00009482308
2052.533368,1.00021977658
2052.553799,1.00019322802
2052.574231,1.0003514415
2052.615095,1.00054246957
2052.635527,1.00056368188
2052.655958,1.00039958206
2052.67639,1.00001550611
2052.696822,0.999761619936
2052.717254,0.999927946372
2052.737686,1.00041403139
2052.758117,1.00034257332
2052.778549,1.00021121166
2052.798981,1.00013422448
2052.819413,1.00002505539
2052.860277,0.999989063839
2052.880708,0.99962370073
2052.90114,0.999520795365
2052.921572,0.999622313227
2052.942004,0.999686713696
2052.962435,0.999693047625
2052.982867,0.999741634212
2053.003299,0.99981184861
2053.023731,1.00033723117
2053.044163,1.00081762567
2053.064595,1.00059989402
2053.105458,0.995915044274
2053.146322,1.00073944854
2053.166754,1.00070578046
2053.207617,1.00047180851
2053.228049,1.00051614896
2053.248481,1.00060119664
2053.268913,1.00041627514
2053.289344,1.00018739127
2053.309776,0.9998661108
2053.35064,1.00039494154
2053.371072,1.00014501201
2053.391504,1.00001714072
2053.411935,0.999860465251
2053.432367,0.99982908169
2053.452799,0.999890459315
2053.473231,1.00008461921
2053.493663,1.00013255407
2053.514094,1.00031574466
2053.534526,1.0001661198
2053.554958,1.00013051375
2053.595822,1.00003816985
2053.636685,1.00003849856
2053.677549,1.00023556021
2053.697981,1.00035796675
2053.718413,1.00023845785
2053.738844,0.999942394193
2053.759276,0.999793261721
2053.779708,0.99981377302
2053.80014,1.00018153191
2053.841003,1.00006115819
2053.861435,1.00025041515
2053.881867,1.00035321844
2053.902299,1.00054593994
2053.922731,1.00053524869
2053.943163,1.00035602006
2053.963594,1.00033523096
2053.984026,1.0002789091
2054.004458,1.00030905686
2054.02489,1.00023647839
2054.045322,1.00023074506
2054.086185,1.00037531608
2054.106617,1.0003365568
2054.127049,1.00050263553
2054.147481,1.00094006163
2054.167913,1.00064749657
2054.188345,1.00031044485
2054.229208,1.0002820827
2054.24964,1.00018428948
2054.270072,1.00017695185
2054.290504,1.00013409143
2054.331367,1.00012628393
2054.351799,1.00028474145
2054.372231,1.00038706567
2054.392663,1.00052405667
2054.413095,1.00054812014
2054.433526,1.00052703954
2054.453958,1.00041829134
2054.47439,1.00005229572
2054.494822,0.999812360114
2054.515254,0.999717227579
2054.535685,0.999713302183
2054.576549,0.999722877525
2054.596981,0.999563586757
2054.617413,0.999324476698
2054.637845,0.999437980337
2054.658276,0.999580174045
2054.678708,0.999787237569
2054.69914,0.999936137574
2054.719572,0.999992157851
2054.740004,1.00006269364
2054.760436,1.00009733341
2054.780867,1.0001517269
2054.821731,0.99985984701
2054.842163,1.00006166824
2054.862595,1.00034330414
2054.883027,1.00024279732
2054.903458,1.00002922507
2054.92389,1.00001604802
2054.944322,1.00047016657
2054.964754,1.00063878913
2054.985186,1.00047176428
2055.005618,1.00031753799
2055.026049,1.00021477694
2055.087345,1.00011391161
2055.128209,0.999815828517
2055.14864,0.999733106215
2055.169072,0.999905943453
